"","par","valor"
"1","ap",-6.58795318399556
"2","Bp",0.187566457679953
"3","ak",-0.3206871533671
"4","Bk",-0.0135658689978503
